Value in SGTI (work of art record subject),cod ICONCLASS (Field DESI),
Madonna con Bambino,11 F 4,TRUE
Crocifissione di Cristo,73 D 64,TRUE
Annunciazione,73 A 5,TRUE
Ritratto maschile,61 B 2,TRUE
Madonna con Bambino in trono,11 F 42,TRUE
Madonna con Bambino e san Giovannino,11 F 62 : 11 F 74 1,TRUE
Adorazione dei Re Magi,73 B 57,TRUE
San Giovanni Battista,11 H (JOHN THE BAPTIST),TRUE
Adorazione dei pastori,73 B 25,TRUE
Madonna con Bambino e angeli,11 F 4 (+3),TRUE
Santi,11 H,TRUE
Maria Vergine annunciata,73 A 51,TRUE
San Sebastiano,11 H (SEBASTIAN),TRUE
Natività di Gesù,73 B 13,TRUE
Santa Caterina d'Alessandria,11 HH (CATHERINE),TRUE
Angelo annunciante,73 A 52 : 11 G 18 4,TRUE
Cristo crocifisso,11 D 36,TRUE
Madonna con Bambino e santi,11 F 61,TRUE
San Pietro,11 H (PETER),TRUE
Madonna con Bambino in trono e santi,11 F 42 (+5),TRUE
Ritratto femminile,61 BB 111,TRUE
Madonna con Bambino in trono e angeli,11 F 42 (+3),TRUE
Sacra Famiglia con san Giovannino,73 B 82 1,TRUE
Santa Maria Maddalena,11 HH (MARY MAGDALENE),TRUE
San Giovanni Evangelista,11 H (JOHN),TRUE
San Francesco d'Assisi,11 H (FRANCIS),TRUE
Cristo in pietà,73 D 73,TRUE
Sacra Famiglia,73 B 81,TRUE
Compianto sul Cristo morto,73 D 72,TRUE
Incoronazione di Maria Vergine,73 E 79,TRUE
Assunzione della Madonna,73 E 77,TRUE
Ritratto di gentiluomo,61 B 2,TRUE
San Girolamo,11 H (JEROME),TRUE
San Paolo,11 H (PAUL),TRUE
Cristo Redentore benedicente,73 E 15,TRUE
Sant'Antonio Abate,11 H (ANTONY ABBOT),TRUE
Battesimo di Cristo,73 C 12 1,TRUE
Ultima Cena,73 D 24,TRUE
San Francesco d'Assisi riceve le stimmate,11 H (FRANCIS) 59,TRUE
Santo vescovo,11 H : 11 P 31 13,TRUE
Matrimonio mistico di santa Caterina d'Alessandria,11 HH (CATHERINE) 34,TRUE
Pietà,73 D 72 21,TRUE
Orazione di Cristo nell'orto di Gethsemani,73 D 31 2,TRUE
San Girolamo penitente nel deserto,11 H (JEROME) 36,TRUE
San Michele Arcangelo,11G183,TRUE
Resurrezione di Cristo,73 E 12,TRUE
Adorazione del Bambino,73 B 2,TRUE
Ritratto di giovane uomo,61 B 2,TRUE
Presentazione di Gesù al Tempio,73 B 4,TRUE
San Giacomo Maggiore,11 H (JAMES THE GREAT),TRUE
Flagellazione di Cristo,73 D 35 1,TRUE
Visitazione,73 A 62 4,TRUE
Ritratto di gentildonna,61 BB 111,TRUE
Deposizione di Cristo nel sepolcro,73 D 76,TRUE
Riposo nella fuga in Egitto,73 B 65,TRUE
Santo,11 H,TRUE
Nascita di Maria Vergine,73 A 31,TRUE
Deposizione di Cristo dalla croce,73 D 71,TRUE
Ecce Homo,73 D 36 1,TRUE
Salita di Cristo al monte Calvario,73 D 4,TRUE
Fuga in Egitto,73 B 64 1,TRUE
Sant'Antonio da Padova,11 H (ANTONY OF PADUA),TRUE
Transito della Madonna,73 E 74,TRUE
Noli me tangere,73 E 31,TRUE
Santa Lucia,11 HH (LUCY),TRUE
Sposalizio di Maria Vergine,73 A 42,TRUE
Ritratto di giovane donna,61 BB 111,TRUE
San Nicola di Bari,11 H (NICHOLAS),TRUE
San Cristoforo,11 H (CHRISTOPHER),TRUE
San Lorenzo,11 H (LAURENCE),TRUE
Giuditta con la testa di Oloferne,71 U 42 73 1,TRUE
Presentazione di Maria Vergine al Tempio,73 A 34,TRUE
Santa Maria Maddalena penitente,11 H (MARY MAGDALENE) 36,TRUE
Cristo portacroce,73 D 41,TRUE
San Rocco,11 H (ROCH),TRUE
Sant'Agostino,11 H (AUGUSTINE),TRUE
Disputa di Gesù con i dottori del Tempio,73 B 93,TRUE
Circoncisione di Gesù,73 B 3,TRUE
Giudizio Universale,11 U 1,TRUE
Susanna e i vecchi,71 P 41,TRUE
Martirio di san Sebastiano,11 H (SEBASTIAN) 62,TRUE
San Bernardino da Siena,11 H (BERNARDINO),TRUE
Madonna,11 F,TRUE
San Bartolomeo,11 H (BARTHOLOMEW),TRUE
Cristo benedicente,11 D 32 21,TRUE
Cristo e l'adultera,73 C 72 22,TRUE
Santa,11 HH,TRUE
Cristo e la Samaritana al pozzo,73 C 72 21 1,TRUE
Strage degli innocenti,73 B 63 3,TRUE
San Domenico,11 H (DOMINIC),TRUE
Madonna della Misericordia,11 F 62 4,TRUE
Sant'Andrea,11 H (ANDREW),TRUE
Pentecoste,73 E 5,TRUE
Angelo,11 (+3),TRUE
Trinità,11 B,TRUE
Dio Padre benedicente,11 C 2,TRUE
Madonna addolorata,11 F 25,TRUE
Mosè salvato dalle acque,71 E 11 24 1,TRUE
Tobia e san Raffaele Arcangelo,71 T 54 ,TRUE
Angeli,11 G,TRUE
Ascensione di Cristo,73 E 42,TRUE
Madonna orante,11 F 23 1,TRUE
Apostoli,11 I 3,TRUE
Santo Stefano,11 H (STEPHEN),TRUE
Cristo in pietà tra la Madonna e san Giovanni Evangelista,73 D 73 31 1,TRUE
Martirio di san Lorenzo,11 H (LAURENCE) 62,TRUE
Conversione di san Paolo,73 F 22 12,TRUE
David con la testa di Golia,71 H 14 5,TRUE
San Marco Evangelista,11 H (MARK),TRUE
Adorazione del Bambino con san Giovannino,73 B 22,TRUE
Cena in Emmaus,73 E 34 3,TRUE
Dio Padre,11 C 2,TRUE
Motivi decorativi a grottesche,48 A 98 72,TRUE
Scena di battaglia,45 H 3,TRUE
Decapitazione di san Giovanni Battista,73 C 13 33,TRUE
Lapidazione di santo Stefano,73 F 35 63,TRUE
Profeti,11 I 1,TRUE
Profeta,11 I 1,TRUE
Resurrezione di Lazzaro,73 C 52 3,TRUE
San Ludovico di Tolosa,11 H (LOUIS OF TOULOUSE),TRUE
Adorazione del Bambino con san Giuseppe,73 B 23,TRUE
Sacra Famiglia con san Giovannino e sant'Elisabetta,73 B 82 11,TRUE
Sacrificio di Isacco,71 C 13 1,TRUE
Concerto,48 C 75 3,TRUE
San Benedetto,11 H (BENEDICT),TRUE
San Matteo Evangelista,11 H (MATTHEW),TRUE
Incredulità di san Tommaso,73 E 36,TRUE
San Giorgio e il drago,11 H (GEORGE) 41,TRUE
Cristo deriso,73 D 35 32,TRUE
Lot e le figlie,71 C 12 5,TRUE
Cattura di Cristo,73 D 31 4,TRUE
Madonna in adorazione del Bambino,73 B 21,TRUE
Sant'Agata,11 HH (AGATHA),TRUE
Nascita di san Giovanni Battista,73 A 14,TRUE
Annuncio ai pastori,73 B 14,TRUE
Cristo Redentore,73 E 15,TRUE
Cristo risorto,73 E 15,TRUE
Ritratto di cardinale,11 P 3112,TRUE
Salome con la testa di san Giovanni Battista,73 C 13 34 1,TRUE
San Giovanni Battista predica nel deserto,73 C 11,TRUE
Santa Chiara,11 HH (CLARE),TRUE
Storie della Passione di Cristo,73 D,TRUE
Nozze di Cana,73 C 61 1,TRUE
San Luca Evangelista,11 H (LUKE),TRUE
Santa Cecilia,11 HH (CECILIA),TRUE
Venere e Cupido,92 C 45 4,TRUE
Putti,92 D 19 16,TRUE
Madonna con Bambino e angelo,11 F 4 (+3),TRUE
Madonna con Bambino in gloria,11 F 41 35,TRUE
Trasfigurazione,73 C 71 3,TRUE
Lucrezia,98 C (LUCRETIA),TRUE
Sibilla,11 I 2,TRUE
Cacciata di Adamo ed Eva dal paradiso terrestre,71 A 61,TRUE
Sant'Agnese,11 HH (AGNES),TRUE
Cena in casa di Simone il fariseo,73 C 72 62,TRUE
Discesa di Cristo al limbo,73 D 94,TRUE
San Giovanni Battista nel deserto,73 A 18,TRUE
Giudizio di Paride,94 C 11 31,TRUE
Paesaggio,25 H,TRUE
San Pietro Martire,11 H (PETER MARTYR),TRUE
Angeli musicanti,11 G 21 : 48 C 75 3,TRUE
Carità,11 M 33,TRUE
Mosè fa scaturire l'acqua dalla roccia,71 E 12 63,TRUE
Cristo in pietà sorretto da angeli,73 D 73 32,TRUE
Evangelisti,11 I 41,TRUE
San Nicola da Tolentino,11 H (NICHOLAS OF TOLENTINO),TRUE
Sant'Orsola,11 HH (URSULA),TRUE
Venere e Adone,92 C 42 1,TRUE
Estasi di san Francesco d'Assisi,11 H (FRANCIS) 37,TRUE
Immacolata Concezione,73 A 23 52,TRUE
San Gregorio Magno,11 H (GREGORY),TRUE
Scena biblica,71,TRUE
Cristo in pietà e angeli,73 D 73 32,TRUE
Martirio di san Bartolomeo,73 F 27 4,TRUE
San Giorgio,11 H (GEORGE),TRUE
Sant'Ambrogio,11 H (AMBROSE),TRUE
Crocifissione di san Pietro,73 F 21 65,TRUE
Madonna assunta,73 E 77,TRUE
Quattro evangelisti,11 I 41,TRUE
Ritorno del figliol prodigo,73 C 86 46 1,TRUE
Santa Barbara,11 HH (BARBARA),TRUE
Sant'Apollonia,11 HH (APOLLONIA),TRUE
Cristo alla colonna,73 D 35 12 1,TRUE
Giuseppe e la moglie di Putifarre,71 D 13 31,TRUE
Incontro di sant'Anna e san Gioacchino alla Porta Aurea,73 A 23 5,TRUE
Lavanda dei piedi,73 D 23,TRUE
Cristo caccia i mercanti dal Tempio,73 D 15,TRUE
David,11 I 62 (DAVID),TRUE
San Martino dona parte del mantello al povero,11 H (MARTIN) 41,TRUE
Trasporto di Cristo al sepolcro,73 D 74,TRUE
Bacio di Giuda,73 D 31 2,TRUE
Ratto di Europa,92 B 12 18,TRUE
Baccanale,92 L 17 91,TRUE
Dottori della Chiesa,11 I 5,TRUE
Martirio di san Pietro Martire,11 H (PETER MARTYR) 68,TRUE
Incoronazione di spine,73 D 35 2,TRUE
Isaia,11 I 62 (ISAIAH),TRUE
Creazione di Eva,71 A 34,TRUE
Cristo incontra santa Veronica,73 D 41 5,TRUE
Entrata di Cristo in Gerusalemme,73 D 14,TRUE
Peccato originale,71 A 42,TRUE
Pie donne al sepolcro,73 E 22,TRUE
Ritratto di ecclesiastico,11 P 3 : 61 B 11 1 (+52),TRUE
Santa Caterina da Siena,11 HH (CATHERINE OF SIENA),TRUE
Santa Maria Maddalena portata in cielo dagli angeli,11 HH (MARY MAGDALENE) 36 1,TRUE
Madonna con Bambino dormiente,11 F 4 : 11 F 71 4,TRUE
Ratto delle Sabine,96 D (SABINE WOMEN) 61,TRUE
Bethsabea al bagno,71 H 71,TRUE
Madonna del Rosario,11 F 62 3,TRUE
San Girolamo in preghiera nella grotta,11 H (JEROME) 36 1,TRUE
San Sebastiano curato dalla vedova Irene,11 H (SEBASTIAN) 63,TRUE
Caino uccide Abele,71 A 82,TRUE
Filosofo,49 C 3,TRUE
Morte di Cleopatra,98 C (CLEOPATRA) 68,TRUE
Paradiso,11 S 6,TRUE
Perseo libera Andromeda,94 P 21 2,TRUE
Santa Margherita d'Antiochia,11HH (MARGARET),TRUE
Cleopatra,98 C (CLEOPATRA),TRUE
Cristo in pietà e simboli della Passione,73 D 73 1 : 73 D 82,TRUE
Moltiplicazione dei pani e dei pesci,73 C 61 2,TRUE
San Biagio,11 H (BLAISE),TRUE
Venere,92 C 4,TRUE
Angelo custode,11 G 41,TRUE
Morte di Lucrezia,98 C (LUCRETIA) 68,TRUE
San Girolamo nello studio,11 H (JEROME) 12,TRUE
San Leonardo,11 H (LEONARD),TRUE
Liberazione di san Pietro,73 F 21 43,TRUE
Abramo e i tre angeli,71 C 12 2,TRUE
Cristo crocifisso con la Madonna e san Giovanni Evangelista,73 D 64 1,TRUE
Cristo davanti a Pilato,73 D 32 3,TRUE
Cristo in casa di Marta e Maria di Betania,73 C 72 23,TRUE
Figura allegorica femminile,5 (+11),TRUE
Toletta di Venere,92 C 45 2,TRUE
Agar e Ismaele nel deserto confortati dall'angelo,71 C 12 84 11,TRUE
Cristo,11 D,TRUE
Cristo consegna le chiavi a san Pietro,73 C 71 24 2,TRUE
Danae e la pioggia d'oro,92 B 12 17,TRUE
Martirio di santa Caterina d'Alessandria,11 HH (CATHERINE) 63,TRUE
Sant'Elena,11 HH (HELENA),TRUE
Tributo della moneta,73 C 62,TRUE
Apollo e Dafne,92 B 32 5,TRUE
Diana e le ninfe sorprese da Atteone,92 C 35 21,TRUE
Leda e il cigno,92 B 12 22,TRUE
Madonna con Bambino tra angeli e santi,11 F 4 (+3) : 11 H,TRUE
Sacrificio di Noè,71 B 34 3,TRUE
Salomone e la regina di Saba,71 I 33,TRUE
San Girolamo in meditazione,11 H (JEROME) 36,TRUE
Stemma gentilizio,46 A 12 2 (...) 1,TRUE
Apollo e Marsia,92 B 34 12,TRUE
Giudizio di Salomone,71 I 32 5,TRUE
San Gabriele Arcangelo,11G184,TRUE
Santa Caterina d'Alessandria e il miracolo della ruota,11 HH (CATHERINE) 63 1,TRUE
Allegoria della Giustizia,59 C 2,TRUE
Funerali della Madonna,73 E 75 1,TRUE
San Tommaso d'Aquino,11 H (THOMAS AQUINAS),TRUE
Sant'Anna con la Madonna e Gesù Bambino,73 A 22 1,TRUE
Scena di caccia,43 C 11,TRUE
Trionfo di David,71 H 15 21,TRUE
Banchetto di Erode,73 C 13 3,TRUE
Decapitazione di san Paolo,73 F 22 43,TRUE
Ebbrezza di Noè,71 B 35 2,TRUE
Parabola del buon Samaritano,73 C 86 13,TRUE
San Bonaventura da Bagnoregio,11 H (BONAVENTURA),TRUE
San Giovanni Evangelista in Patmos,73 G 11,TRUE
San Giuliano l'Ospedaliere,11 H (JULIAN),TRUE
Autunno,23 D 44,TRUE
Cristo cade sotto la croce,73 D 41 11,TRUE
Decapitazione di santa Caterina d'Alessandria,11 HH (CATHERINE) 68,TRUE
Madonna Immacolata,11 F 23 2,TRUE
Piscina probatica,73 C 42 1,TRUE
Sansone e Dalila,71 F 37,TRUE
Tentazioni di sant'Antonio Abate,11 H (ANTONY ABBOT) 35 2,TRUE
Vocazione di san Pietro e sant'Andrea,73 C 71 11,TRUE
Crocifissione di sant'Andrea,73 F 25 35,TRUE
Diana e Endimione,92 C 32 1,TRUE
Disputa di santa Caterina d'Alessandria con i filosofi,11 HH (CATHERINE) 41,TRUE
Madonna del Soccorso,11 F 83 3,TRUE
Mosè e la raccolta della manna,71 E 12 54 1,TRUE
Motivi decorativi vegetali,48 A 98 3,TRUE
Negazione di san Pietro,73 D 33,TRUE
Scena biblica (?),71,TRUE
Adorazione del vitello d'oro,71 E 13 53,TRUE
Angelo musicante,11 G 21 : 48 C 75,TRUE
Creazione di Adamo,71 A 31 1,TRUE
Cristo davanti a Caifa,73 D 32 2,TRUE
Diana,92 C 3,TRUE
Erminia e i pastori,81 FF (ERMINIA) : 47 I 22 1,TRUE
Ester e Assuero,71 Q 6,TRUE
Narciso alla fonte,95 A (NARCISSUS) 21 : 31 A 23 52 (+2),TRUE
Passaggio del mar Rosso,71 E 12 22 1,TRUE
Elemosina di san Nicola di Bari,11 H (NICHOLAS) 41,TRUE
San Vincenzo Ferrer,11 H (VINCENT FERRER),TRUE
Sogno di Giacobbe,71 C 31 21 1,TRUE
Allegoria dell'Autunno,23 D 44 0,TRUE
Continenza di Scipione,98 B (SCIPIO AFRICANUS MAJOR) 51,TRUE
Daniele,11 I 62 (DANIEL),TRUE
Parabola del ricco epulone,73 C 85 2,TRUE
Rebecca al pozzo,71 C 21 31,TRUE
Rinaldo e Armida,81 FF (ARMIDA) : 81 F (RINALDO),TRUE
Sacra Famiglia con sant'Anna,73 B 82,TRUE
San Martino,11 H (MARTIN),TRUE
Santo papa,11 H : 11 P 31 11,TRUE
Sibille,11 I 2,TRUE
Sogno di san Giuseppe,73 B 62,TRUE
Allegoria della Prudenza,52 A 24 : 96 A 5,TRUE
Annuncio a san Zaccaria,73 A 11,TRUE
Apparizione di Gesù Bambino a sant'Antonio da Padova,11 H (ANTONY OF PADUA) 34 2,TRUE
Carità romana,42 B 41,TRUE
Geremia,11 I 62 (JEREMIAH) 3,TRUE
Giacobbe e Rachele al pozzo,71 C 31 33,TRUE
Noè e gli animali entrano nell'arca,71 B 32 22,TRUE
Ratto di Elena,94 C 13 3,TRUE
Ratto di Proserpina,92 N 12 31,TRUE
San Girolamo penitente,11 H (JEROME) 36,TRUE
San Girolamo traduce la Bibbia,11 H (JEROME) 12 1,TRUE
San Giuseppe,11 H (JOSEPH),TRUE
Sant'Ansano,11 H (ANSANO),TRUE
Vocazione di san Matteo Evangelista,73 C 71 15,TRUE
Annuncio a san Gioacchino,73 A 23 32,TRUE
Architettura illusionistica,48 C 14 3 : 41 E 2,TRUE
Imposizione del nome a san Giovanni Battista,73 A 14 1,TRUE
Putti alati,92 D 19 16,TRUE
Ritratto di Michelangelo Buonarroti,48 B 3 : 61 B 2 (MICHELANGELO) 11 (+51),TRUE
San Cosma e san Damiano,11 H (COSMAS & DAMIAN),TRUE
San Filippo,11 H (PHILIP),TRUE
San Giacomo Minore,11 H (JAMES THE LESS),TRUE
Santa Dorotea,11 HH (DOROTHEA),TRUE
Sant'Onofrio,11 H (ONUPHRIUS),TRUE
Allegoria della Fortezza,54 A 7(+2),TRUE
Allegoria della Fortuna,54 F 12,TRUE
Enea e Anchise in fuga da Troia in fiamme,96 B 11 3,TRUE
Fede,11 M 31,TRUE
Madonna con Bambino e sant'Anna,11 F 61 : 11 H (ANNA),TRUE
Martirio di sant'Agata,11 HH (AGATHA) 62,TRUE
Morte di Didone,96 B 33 2,TRUE
Morte di san Giuseppe,73 E 81,TRUE
Mosè e il serpente di bronzo,71 E 32 43,TRUE
Primavera,23 D 42,TRUE
San Cristoforo guada il fiume con Gesù Bambino sulle spalle,11 H (CHRISTOPHER) 51,TRUE
San Gioacchino cacciato dal Tempio,73 A 23 23,TRUE
San Giovannino,73 A 1,TRUE
San Tommaso,11 H (THOMAS),TRUE
Allegoria dell'Estate,23 D 43 0,TRUE
Ercole e Onfale,94 L 24,TRUE
Esaù vende la primogenitura a Giacobbe,71 C 24 41,TRUE
Incontro di Cristo e i discepoli sulla via di Emmaus,73 E 34,TRUE
Madonna con Bambino e san Girolamo,11 F 61 : 11 H (JEROME),TRUE
Madonna con Bambino in trono e donatori,11 F 42 (+5),TRUE
Orfeo incanta gli animali con la musica,94 O 51 1 : 48 C 73 13 : 25 F 1,TRUE
San Damiano,11 H (DAMIAN),TRUE
San Giovanni Evangelista (?),11 H (JOHN),TRUE
Allegoria della Fede,11 M 31,TRUE
Allegoria della Primavera,23 D 42 0,TRUE
Carnefice presenta a Salome la testa di san Giovanni Battista,73 C 13 34,TRUE
Cupido,92 D 1,TRUE
Diana al bagno con le ninfe,92 C 35 21,TRUE
Dio Padre in gloria,11 C 2 (+31),TRUE
Gesù Bambino e san Giovannino,73 B 83 2,TRUE
"Madonna con Bambino, san Giovannino e santa Elisabetta",73 B 83 11 1,TRUE
Madonna in adorazione del Bambino dormiente,73 B 21 : 31 B 1,TRUE
Mosè consegnato alla figlia del Faraone,71 E 11 25,TRUE
Pentimento di san Pietro,73 D 33 2,TRUE
San Girolamo estrae una spina dalla zampa del leone,11 H (JEROME) 51,TRUE
San Giuseppe e Gesù Bambino,73 B 72,TRUE
San Michele Arcangelo pesa le anime,11 G 18 31,TRUE
Santa Scolastica,11 HH (SCHOLASTICA),TRUE
Allegoria della Temperanza,54 A 43 (+2),TRUE
Cherubini,11 G 19 11,TRUE
Cristo fons vitae,11 D 32 6,TRUE
Cristo inchiodato alla croce,73 D 55,TRUE
Cristo risorto benedicente,73 E 15,TRUE
Eliezer e Rebecca al pozzo,71 C 21 31 1,TRUE
Eraclio riporta la vera croce a Gerusalemme,11 D 41 17 2,TRUE
Estasi di santa Maria Maddalena,11 HH (MARY MAGDALENE) 37,TRUE
Estate,23 D 43,TRUE
Lavanda di Gesù Bambino,73 B 13 21,TRUE
Morte di Adone,92 C 49 15,TRUE
Paesaggio con rovine,25 I 9,TRUE
Parnaso,93 C,TRUE
Ritrovamento della vera croce,11 D 41 16,TRUE
Salome consegna ad Erodiade la testa di san Giovanni Battista,73 C 13 35,TRUE
San Cosma,11 H (COSMAS),TRUE
San Romualdo,11 H (ROMUALD),TRUE
Santa Caterina da Siena riceve le stimmate,11 HH (CATHERINE OF SIENA) 59,TRUE
Sant'Elisabetta d'Ungheria,11 HH (ELISABETH OF HUNGARY),TRUE
Scena campestre,47 I 1,TRUE
Sibilla Cumana,11 I 2 (CUMEAN),TRUE
Storie della vita di san Giovanni Battista,73 C 1,TRUE
Ultima comunione di san Girolamo,11 H (JEROME) 68 1,TRUE
Allegoria di una Virtù,11 M,TRUE
Visione di Augusto,11 I 21,TRUE
Allegoria della Musica,48 C 70,TRUE
Allegoria della Speranza,56 D 1(+2),TRUE
Apollo e le Muse,92 B 37 31,TRUE
Caduta di Simon Mago,73 F 21 53 65,TRUE
Discesa di Cristo al limbo,73 D 94,TRUE
Cupido dormiente,92 D 15 5,TRUE
Elemosina di san Lorenzo,11 H (LAURENCE) 42,TRUE
Inverno,23 D 41,TRUE
Lavoro di Adamo ed Eva,71 A 7,TRUE
Madonna di Loreto,11 F 42 3 : 11 F 83 4,TRUE
Madonna in gloria,11 F 41 35,TRUE
Mosè e il roveto ardente,71 E 11 41 1,TRUE
Sacra Famiglia con san Giovannino e santa Elisabetta,73 B 82 11,TRUE
Santa Lucia trascinata dai buoi,11 HH (LUCY) 62,TRUE
Sant'Agostino (?),11 H (AUGUSTINE),TRUE
Simboli dei quattro evangelisti,11 I 42,TRUE
Tarquinio e Lucrezia,98 C (LUCRETIA) 6,TRUE
Tempesta marina,26 C 32,TRUE
Trionfo di Galatea,92 I 22 78,TRUE
Apollo,92 B 3,TRUE
Caduta della manna,71 E 12 54,TRUE
Commiato di Cristo dalla Madonna,73 D 17,TRUE
"Cristo crocifisso con la Madonna, san Giovanni Evangelista e santa Maria Maddalena",73 D 64 1,TRUE
Cristo ridona la vista al cieco nato,73 C 41 21,TRUE
Dedalo e Icaro,95 A (ICARUS) 51,TRUE
Diluvio Universale,71 B 33,TRUE
Dio Padre e angeli,11 C 2 (+3),TRUE
Episodi dell'Apocalisse,73 G,TRUE
Giuditta decapita Oloferne,71 U 42 73,TRUE
Giuseppe venduto dai fratelli,71 D 12 52,TRUE
Marte e Venere,92 B 42 3,TRUE
Pesca miracolosa,73 C 33,TRUE
Salomone,11 I 62 (SOLOMON),TRUE
San Bernardo,11 H (BERNARD),TRUE
San Giuliano,11 H (JULIAN),TRUE
Santa Lucia davanti al giudice Pascasio,11 HH (LUCY) 61,TRUE
Santa Monica,11 HH (MONICA),TRUE
Trionfo di Bacco,92 L 17 8,TRUE
Veronica,11 D 31 2,TRUE
Visione di san Francesco d'Assisi alla Porziuncola,11 H (FRANCIS) 34 1,TRUE
Visione di sant'Agostino,11 H (AUGUSTINE) 34,TRUE
Alessandro Magno riceve l'omaggio della famiglia di Dario,98 B (ALEXANDER THE GREAT) 52 1,TRUE
Apparizione di Cristo risorto agli apostoli,73 E 35,TRUE
Eroismo di Muzio Scevola,"98 B (SCAEVOLA, C.M.) 61",TRUE
Gesù Bambino,11 D 2,TRUE
Giuditta e Oloferne,71 U 4,TRUE
Giudizio di Mida,92 B 34 12 3,TRUE
Giuseppe in carcere interpreta i sogni del coppiere e del panettiere,71 D 14 5,TRUE
Madonna della cintola,11 F 62 : 11 F 73 1,TRUE
Martirio di santa Cecilia,11 HH (CECILIA) 68,TRUE
Martirio di sant'Apollonia,11 HH (APOLLONIA) 62,TRUE
Mosè riceve da Dio le tavole della legge,71 E 13 43,TRUE
Sacrificio di Caino e di Abele,71 A 81,TRUE
San Carlo Borromeo comunica gli appestati,11 H (CHARLES BORROMEO) 41 1,TRUE
San Domenico resuscita il giovane Napoleone Orsini,11 H (DOMINIC)53,TRUE
San Francesco d'Assisi rinuncia ai beni del padre,11 H (FRANCIS) 33,TRUE
San Gregorio,11 H (GREGORY),TRUE
San Luca Evangelista ritrae la Madonna,11 H (LUKE) 51,TRUE
San Michele Arcangelo combatte contro Satana,11 G 31,TRUE
Santa Caterina d'Alessandria (?),11 HH (CATHERINE),TRUE
Sant'Agata in carcere curata miracolosamente da san Pietro,11 HH (AGATHA) 63,TRUE
Sant'Ambrogio battezza sant'Agostino,11 H (AUGUSTINE) 32,TRUE
Tebaide,11Q3311,TRUE
Tre Grazie,92 D 3,TRUE
Venere piange la morte di Adone,92 C 49 15 1,TRUE
Venere tenta di trattenere Adone dall'andare a caccia,92 C 42 11,TRUE
Abramo,11 I 62 (ABRAHAM),TRUE
Adamo ed Eva nel paradiso terrestre,71 A 35,TRUE
Allegoria della Fama,59 B 32 (+2),TRUE
Allegoria dell'Abbondanza,51 H 42,TRUE
Allegoria dell'Inverno,23 D 41 0,TRUE
Antioco e Stratonice,98 B (ANTIOCHUS I) 61,TRUE
Apparizione di Cristo risorto alla Madonna,73 E 32,TRUE
Apparizione di san Michele Arcangelo sul monte Gargano,11 G 18 34 1,TRUE
Artemisia,98 C (ARTEMISIA) 6,TRUE
Bacco,92 L 1,TRUE
Banchetto degli dei,93 A 1,TRUE
Comunione degli apostoli,73 D 24 5,TRUE
Concerto campestre,48 CC 75 3,TRUE
Cristo cammina sulle acque del lago di Tiberiade,73 C 32 2,TRUE
Cristo crocifisso tra i dolenti,73 D 64 1,TRUE
Cristo guarisce la figlia della Cananea,73 C 43 1,TRUE
Cristo morto,73 D 76 1,TRUE
Danza di contadini,43 AA 23,TRUE
Diana e Callisto,92 C 35 21 1,TRUE
Ercole e il leone di Nemea,94 L 32 1,TRUE
Giaele uccide Sisara,71 F 15 44,TRUE
Inferno,11 T 1,TRUE
Martirio di sant'Orsola e delle sue compagne,11 HH (URSULA) 61,TRUE
Matrimonio mistico di santa Caterina da Siena,11 HH (CATHERINE OF SIENA) 34 1,TRUE
Mendicanti,46 A 15 1,TRUE
Misteri del Rosario,11 Q 75 12 1,TRUE
Mosè difende le figlie di Jetro,71 E 11 32 1,TRUE
Putti vendemmiatori,92 D 19 16,TRUE
Ratto di Ganimede,92 BB 12 1,TRUE
Sacra Famiglia con san Giovanni Battista,73 B 82 1,TRUE
Salomone adora gli idoli,71 I 53 1,TRUE
San Benedetto (?),11 H (BENEDICT),TRUE
San Giovanni Battista indica Cristo come l'Agnello di Dio,73 C 11 3,TRUE
San Giovanni Evangelista resuscita Drusiana,73 F 23 44 4,TRUE
Cacciata degli angeli ribelli dal paradiso,11 G 32,TRUE
San Nicola di Bari impedisce la decapitazione di un soldato innocente,11 H (NICHOLAS) 54,TRUE
San Paolo e san Pietro,11 H (PETER) : 11 H (PAUL),TRUE
San Raffaele Arcangelo,11 G 18 5,TRUE
Santa Maria Maddalena (?),11 HH (MARY MAGDALENE),TRUE
Sant'Antonio Abate (?),11 H (ANTONY ABBOT),TRUE
Santi francescani,11 P 31 5 (FRANCESCANI),TRUE
Santi vescovi,11 P 31 13,TRUE
Suonatore di liuto,48 C 75 11 1 : 48 C 73 23,TRUE
Testa di Cristo incoronata di spine,73 D 35 22,TRUE
Ultima comunione di santa Maria Maddalena,11 HH (MARY MAGDALENE) 68 1,TRUE
Verifica della vera croce,11 D 41 16 3,TRUE
Visita di Alessandro Magno a Diogene,98 B (DIOGENES) 51,TRUE
Adamo ed Eva rimproverati da Dio,71 A 53,TRUE
Agar e Ismaele nel deserto,71 C 12 84,TRUE
Agnus Dei,11 D 13 11,TRUE
Allegoria dell'Architettura,48 C 10,TRUE
Angeli adoranti,11 G 25,TRUE
Annuncio del transito della Madonna,73 E 71,TRUE
Apparizione della Madonna a san Bernardo scrivente,11 H (BERNARD) 34 1 (+3),TRUE
Atteone divorato dai cani,97 C 11,TRUE
Aurora,23 R 11 0,TRUE
Circe,95 B (CIRCE),TRUE
Cristo incoronato di spine,73 D 35 2,TRUE
Cristo Salvatore,11 D 32 4,TRUE
Cristo spogliato delle sue vesti,73 D 51,TRUE
Danza di Salome,73 C 13 3,TRUE
David e Golia,71 H 14 4,TRUE
Dio Padre tra angeli,11 C 2 (+3),TRUE
Educazione di Maria Vergine,73 A 33,TRUE
Ezechiele,11 I 62 (EZEKIEL) 3,TRUE
Flora,96 A 23,TRUE
Galatea,92 I 22,TRUE
Giacobbe lotta con l'angelo,71 C 32 22,TRUE
Giuseppe interpreta i sogni del Faraone,71 D 15 5,TRUE
Incontro di san Francesco d'Assisi e san Domenico,11 H (DOMINIC) 41,TRUE
Morte di san Francesco d'Assisi,11 H (FRANCIS) 68,TRUE
Ratto di Europa,92 B 12 18,TRUE
San Bernardo di Chiaravalle,11 H (BERNARD),TRUE
San Francesco d'Assisi riceve Gesù Bambino dalla Madonna,11 H (FRANCIS) 34 4,TRUE
San Francesco di Paola,11 H (FRANCIS OF PAOLA),TRUE
San Giovanni Battista battezza le folle,73 C 12,TRUE
San Girolamo (?),11 H (JEROME),TRUE
San Giuliano l'Ospedaliere uccide il padre e la madre,11 H (JULIAN) 41,TRUE
San Silvestro battezza l'imperatore Costantino,11 H (SYLVESTER) 41,TRUE
Santa Cecilia (?),11 HH (CECILIA),TRUE
Santa Chiara (?),11 HH (CLARE),TRUE
Santa Giustina,11 HH (JUSTINA OF PADUA),TRUE
Santa Lucia (?),11 HH (LUCY),TRUE
Santa Marta,11 HH (MARTHA),TRUE
Santa Marta rimprovera santa Maria Maddalena per la sua vanità,11 HH (MARTHA) 41,TRUE
Sant'Andrea in adorazione della croce,73 F 25 34 2,TRUE
Sant'Antonio da Padova e il miracolo del neonato,11 H (ANTONY OF PADUA) 5,TRUE
Sibilla Persica,11 I 2 (PERSIAN),TRUE
Trionfo della Morte,43 A 43 13,TRUE
Trionfo di Cupido,92 D 17 8,TRUE
Visione di sant'Eustachio,11 H (EUSTACE) 34,TRUE
Allegoria del Tempo che svela la Verità,23 A 41,TRUE
Allegoria della Pace,45 A 20,TRUE
Allegoria della Poesia,48 C 90 1,TRUE
Angeli con simboli della Passione,73 D 81 (+3),TRUE
Articolo del Credo,11 L 31,TRUE
Atalanta e Ippomene,95 B (ATALANTE) 21 11,TRUE
Clemenza di Scipione,98 B (SCIPIO AFRICANUS MAJOR) 51 1,TRUE
Commiato di Tobia dal padre,71 T 53,TRUE
Costruzione dell'arca di Noè,71 B 32,TRUE
Cristo benedicente tra gli apostoli,11 D 33 5 : 11 I 3,TRUE
Cristo in gloria,11 D 32 2 (+31),TRUE
Cristo in pietà e angeli con simboli della Passione,73 D 73 1 : 73 D 81 (+3),TRUE
Cristo tentato da Satana,73 C 22,TRUE
Diana cacciatrice,92 C 35 1,TRUE
Diogene,98 B (DIOGENES),TRUE
Disputa di santo Stefano nel Sinedrio,73 F 35 61,TRUE
Elia nutrito dai corvi,71 M 12,TRUE
Episodi del Nuovo Testamento,73,TRUE
Episodio del Nuovo Testamento,73,TRUE
Ercole al bivio,94 L 72,TRUE
Ercole e l'idra di Lerna,94 L 32 2,TRUE
Esercito egiziano sommerso dal mar Rosso,71 E 12 23 1,TRUE
Galatea e Aci,92 I 22 21,TRUE
Giove e Io,92 B 12 19,TRUE
Giustizia,11 M 44,TRUE
Guerriero,45 B,TRUE
Istituzione dell'Eucaristia,73 D 24 4,TRUE
Madonna leggente,73 A 51,TRUE
Maledizione di Caino,71 A 83 2,TRUE
Marte,92 B 4,TRUE
Minerva,92 C 2,TRUE
Pan e Siringa,97 BB 5,TRUE
Professione di fede del centurione,73 D 63 1,TRUE
San Benedetto riceve la visita di Totila,11 H (BENEDICT) 41,TRUE
San Carlo Borromeo,11 H (CHARLES BORROMEO),TRUE
San Galgano,11 H (GALGANO),TRUE
San Giovanni Battista in meditazione nel deserto,73 A 18 1,TRUE
San Giovanni Battista in prigione,73 C 13 21,TRUE
San Giovanni Evangelista immerso nell'olio bollente,73 F 23 51,TRUE
San Mauro,11 H (MAURO),TRUE
San Pietro (?),11 H (PETER),TRUE
San Pietro salvato dalle acque,73 C 32 4,TRUE
San Rocco guarisce gli appestati,11 H (ROCH) 51,TRUE
San Simone,11 H (SIMON),TRUE
San Simone Stock riceve dalla Madonna lo scapolare,11 H (SIMON STOCK) 34,TRUE
San Zanobi,11 H (ZANOBI),TRUE
Santa Caterina d'Alessandria riceve in carcere la visita dell'imperatrice Faustina,11 HH (CATHERINE) 42,TRUE
Santa Maria Maddalena leggente,11 HH (MARY MAGDALENE) 1,TRUE
Sant'Agostino nello studio,11 H (AUGUSTINE) 12,TRUE
Sant'Andrea condotto al martirio,73 F 25 34,TRUE
Tobia ridona la vista al padre,71 T 77,TRUE
Traslazione del corpo di santa Caterina d'Alessandria sul monte Sinai,11 HH (CATHERINE) 81,TRUE
Trionfo della Castità,43 A 43 12,TRUE
Tuccia trasporta l'acqua col setaccio,98 C (TUCCIA) 51,TRUE
Venere dormiente,92 C 45 1,TRUE
Vocazione di Abramo,71 C 11 31,TRUE
Adamo,11 I 62 (ADAM),TRUE
Angeli con strumenti della Passione,73 D 82 (+3),TRUE
Bacco e Arianna sull'isola di Nasso,92 L 12 1,TRUE
Bacco giovane,92 L 1 : 31 D 12,TRUE
Cacciata degli angeli ribelli dal paradiso,11 G 33,TRUE
Cavallo di Troia,94 H 15 1,TRUE
Cerere,92 M 1,TRUE
Chiamata degli eletti,11 U 23,TRUE
Contesa di Apollo e Marsia,92 B 34 12,TRUE
Cristo incontra la Madonna sulla via del Calvario,73 D 41 3,TRUE
Cristo incontra san Giovanni Battista nel deserto,73 C 11 3,TRUE
Diana e Endimione,92 C 32 1,TRUE
Elia,11 I 62 (ELIJAH),TRUE
Elia sale al cielo sul carro di fuoco,71 M 84,TRUE
Eva,11 I 63 (EVE),TRUE
Funerali di san Girolamo,11 H (JEROME) 68 2,TRUE
Giunone,92 C 1,TRUE
Martirio di san Cosma e san Damiano,11 H (COSMAS & DAMIAN) 63,TRUE
Mercurio addormenta Argo suonando il flauto,97 CC 64,TRUE
Morte di Seneca,98 B (SENECA) 68,TRUE
Morte di Sofonisba,98 C (SOPHONISBE) 68,TRUE
Nascita di Venere,92 C 41 1,TRUE
Pilato si lava le mani,73 D 32 33,TRUE
Predica di san Bernardino da Siena,11 H (BERNARDINO) 41,TRUE
Prudenza,11 M 41,TRUE
Putti reggistemma,92 D 19 16,TRUE
Vulcano nella fucina,92 B 25 2,TRUE
Achille e le figlie di Licomede,94 C 22,TRUE
Allegoria del Tempo,23 A 4,TRUE
Allegoria della Terra,21 B 0,TRUE
Allegoria della Virtù,57 A 6 (+2),TRUE
Apparizione della croce a Costantino,11 H (CONSTANTINE) 34,TRUE
Atalanta e Meleagro a caccia del cinghiale calidonio,94 N 32,TRUE
Carità (?),11 M 33,TRUE
Cavaliere,45 D 21 (+22),TRUE
Colomba dello Spirito Santo,11 E 1,TRUE
Commiato degli apostoli dalla Madonna,73 E 63,TRUE
Commiato di san Giovanni Battista dai suoi genitori,73 A 17,TRUE
Creazione degli animali,71 A 25,TRUE
Cristo caricato della croce,73 D 41,TRUE
Cristo davanti ad Erode,73 D 32 4,TRUE
Cristo giudice,11 D 32 23,TRUE
Cristo resuscita il figlio della vedova di Naim,73 C 51,TRUE
Cupido e Psiche,92 D 19 21,TRUE
David decapita Golia,71 H 14 43,TRUE
David e Bethsabea,71 H 7,TRUE
David suona la cetra davanti a Saul,71 H 13 6,TRUE
Dei dell'Olimpo,92 A,TRUE
Cristo appare a san Pietro alle porte di Roma,73 F 21 6,TRUE
Ercole e Anteo,94 L 41 13,TRUE
Giove allattato dalla capra Amaltea,92 B 11 21,TRUE
Matrimonio di Cupido e Psiche,92 D 19 21 81,TRUE
Morte di san Francesco Saverio,11 H (FRANCIS XAVIER) 68,TRUE
Morte di santa Maria Maddalena,11 HH (MARY MAGDALENE) 68 2,TRUE
Nascita di Adone,92 C 49 11,TRUE
Isaia,11 I 62 (ISAIAH),TRUE
Venere e Cupido (?),92 C 45 4,TRUE
Albero di Jesse,73 A 21,TRUE
Alfeo e Aretusa,97 HH 1,TRUE
Allegoria della Guerra,45 A 10,TRUE
Allegoria dell'Aria,21 A 0,TRUE
Apostoli intorno al sepolcro della Madonna colmo di fiori,73 E 77 1,TRUE
Apparizione di Cristo risorto alle pie donne,73 E 33,TRUE
Apparizione di san Francesco d'Assisi su un carro di fuoco,11 H (FRANCIS) 83 1,TRUE
Arianna abbandonata sull'isola di Nasso,95 B (ARIADNE) 61,TRUE
Baccanale di putti,92 L 19 13,TRUE
Banchetto di Cleopatra,98 C (CLEOPATRA) 51,TRUE
Caduta dei Giganti,91 C 21 4,TRUE
Cefalo e Procri,95 A (CEPHALUS) 21,TRUE
San Domenico e i frati ricevono il pane dagli angeli,11 H (DOMENIC) 55,TRUE
Circe trasforma in animali i compagni di Ulisse,97 C 8,TRUE
Compianto sul sepolcro di Cristo,73 D 77 3,TRUE
Cristo aiutato da Simone il Cireneo a portare la croce,73 D 41 2,TRUE
Cristo benedice i fanciulli,73 C 72 24,TRUE
Cristo benedicente e angeli,11 D 33 5 : 11 D 33 2,TRUE
Cristo e la Samaritana al pozzo,73 C 72 21 1,TRUE
Cristo servito dagli angeli,73 C 24,TRUE
David e Abigail,71 H 24,TRUE
Deesis,11 U 4,TRUE
Diana e Atteone,92 C 35 21,TRUE
Discorso di san Paolo nell'Areopago di Atene,73 F 22 33 5,TRUE
Educazione di Cupido,92 D 11 21,TRUE
Ercole bambino soffoca i serpenti,94 L 12 2 : 92 C 14 : 34 B 11,TRUE
Ercole e Cerbero,94 L 33 3,TRUE
Ercole uccide Nesso,94 L 22 1,TRUE
Martirio di sant'Erasmo,11 H (ERASMUS) 63,TRUE
Predica di santo Stefano,73 F 35 3,TRUE
Abacuc trasportato dall'angelo reca il cibo a Daniele nella fossa dei leoni,71 P 43 3 3,TRUE
Agnus Dei tra i simboli degli evangelisti,11 D 13 11 : 11 I 42,TRUE
Allegoria del Fuoco,21 C 0,TRUE
Allegoria della Musica (?),48 C 70,TRUE
Allegoria dell'Acqua,21 D 0,TRUE
Allegoria dell'Asia,25 B 2,TRUE
Allegoria delle Arti figurative,48 C 0 (+35),TRUE
Allegoria dell'Onore,59 B 31(+2),TRUE
Amore e Psiche,92 D 19 21,TRUE
Angelo musicante con liuto,11 G 21 : 48 C 73 23,TRUE
Annunciazione e donatore,73 A 52 (+5),TRUE
Apparizione di san Giacomo Maggiore nella battaglia di Clavijo,73 F 24 52,TRUE
Arione con la lira sul delfino,98 B (ARION) 51,TRUE
Aronne,11 I 62 (AARON),TRUE
Arrivo dei Re Magi a Betlemme,73 B 56,TRUE
Battaglia di Lepanto,45 H 3 (+3) : 61 I (BATTAGLIA DI LEPANTO) : 61 A (1571),TRUE
Battaglia navale,45 H 3 (+3),TRUE
Caduta di Fetonte,92 B 39 11 7,TRUE
Cena di san Gregorio,11 H (GREGORY) 54,TRUE
Cherubino,11 G 19 11,TRUE
Commiato di san Raffaele Arcangelo da Tobi e Tobia,71 T 79 1,TRUE
Commiato di Tobia dai genitori,71 T 53,TRUE
Conversione di sant'Agostino,11 H (AUGUSTINE) 31,TRUE
Corteo marino,92 H 19 1,TRUE
Costruzione delle mura di Troia,95 A (LAOMEDON) 3,TRUE
Cristo benedicente in clipeo,11 D 32 21,TRUE
Cristo con strumenti della Passione,11 D 32 : 73 D 81,TRUE
Cristo consegna la legge a san Pietro e san Paolo,11 D 33 42,TRUE
Cristo crocifisso e angeli,11 D 36 (+3),TRUE
Cristo deposto dalla croce,73 D 71 2,TRUE
Cristo deposto sorretto da angeli,73 D 73 32,TRUE
Cristo guarisce il paralitico di Cafarnao,73 C 42 2,TRUE
Guarigione del paralitico,73 C 42 13,TRUE
Cristo Pantocratore,11 D 32 21,TRUE
Cristo risorto e angeli,73 E 15 (+3),TRUE
Cristo sale sulla croce,73 D 56 1,TRUE
Crocifissione di Cristo e donatori,73 D 64 (+5),TRUE
Sansone e Dalila,71 F 37 61,TRUE
Daniele discolpa Susanna,71 P 41 4,TRUE
Daniele nella fossa dei leoni,71 P 43 32,TRUE
Danza di Amorini,92 D 19 16 (+5),TRUE
David che suona l'arpa,11 I 62 (DAVID) 32,TRUE
Diana (?),92 C 3,TRUE
Discorso della Montagna,73 C 72 7,TRUE
Elemosina di san Carlo Borromeo,11 H (CHARLES BORROMEO) 4,TRUE
Elemosina di san Nicola di Bari,11 H (NICHOLAS) 41,TRUE
Elevazione della croce,73 D 55 1,TRUE
Ermafrodito e Salmace,92 B 59 11,TRUE
Allegoria del Mese di Agosto,23 I 32,TRUE
Allegoria del Mese di Aprile,23 I 21,TRUE
Allegoria del Mese di Settembre,23 I 33,TRUE
Morte di Assalonne,71 H 84 93,TRUE
Nascita di Maria Vergine (?),73 A 31,TRUE
Marte e Venere,92 B 42 3,TRUE
Vulcano e i Ciclopi nella fucina,92 B 29 1,TRUE
Accecamento di Elima,73 F 22 31 31,TRUE
Allegoria della Calunnia,57 BB 25 (+2),TRUE
Allegoria della Chiesa,11 P 1,TRUE
Allegoria della Speranza (?),56 D 1(+2),TRUE
Allegoria della Vita umana,11 R 3,TRUE
Allegoria dell'Africa,25 B 3,TRUE
Allegoria dell'America,25 B 4,TRUE
Amazzonomachia,95 B (AMAZONS) 41,TRUE
Amorini,92 D 19 16,TRUE
Angeli reggicartiglio,11 G 19 21,TRUE
Annunciazione e Trinità,73 A 52 (+1),TRUE
Apparizione di Cristo risorto a santa Maria Maddalena,73 E 31,TRUE
Apparizione di san Michele Arcangelo sulla Mole Adriana,11 H (GREGORY) 34,TRUE
Armida trasporta sul suo carro Rinaldo addormentato,81 FF (ARMIDA) : 33 B 4 : 46 C 14,TRUE
Arresto di san Giovanni Battista,73 C 13 2,TRUE
Astronomia,49 E 10,TRUE
Battesimo di Cristo e angeli,73 C 12 1 (+3),TRUE
Bethsabea al bagno (?),71 H 71,TRUE
Borea rapisce Orizia,92 E 51 21,TRUE
Carro del Sole,92 B 37 11 1,TRUE
Cartiglio,49 L 71,TRUE
Circoncisione di san Giovanni Battista,73 A 15,TRUE
Cleopatra (?),98 C (CLEOPATRA) 51,TRUE
Clorinda muore tra le braccia di Tancredi,81 FF (CLORINDA) : 11 Q 73 21 2,TRUE
Colomba dello Spirito Santo e angeli,11 E 1 (+3),TRUE
Commiato di Maria Vergine da santa Elisabetta e san Zaccaria,73 A 66,TRUE
Costruzione della torre di Babele,71 B 42 1,TRUE
Cristo che predica alle moltitudini,73 C 73 4,TRUE
Cristo morto con angeli,73 D 72 3,TRUE
Cristo giudice e angeli,11 D 32 23 (+3),TRUE
Cristo placa la tempesta sul lago di Tiberiade,73 C 31 3,TRUE
Cristo resuscita la figlia di Giairo,73 C 53,TRUE
Cupido bendato,92 D 1 : 92 D 18,TRUE
Cupido costruisce il suo arco,92 D 15 22,TRUE
Cupido e Pan,92 D 14 1,TRUE
David come salmista,11 I 62 (DAVID) 33,TRUE
David suona l'arpa,11 I 62 (DAVID) 32,TRUE
Decapitazione di san Bartolomeo,73 F 27 43 2,TRUE
Decapitazione di san Giorgio,11 H (GEORGE) 68,TRUE
Dedalo fissa con la cera le ali a Icaro,95 A (ICARUS) 51 2,TRUE
Devoti,11 Q 11,TRUE
Diana al bagno,92 C 3,TRUE
Diana cacciatrice con le ninfe,92 C 35 11,TRUE
Dio Padre (?),11 C 2,TRUE
Dio Padre adorato dagli angeli,11 C 2 : 11 G 25,TRUE
Dio Padre che sostiene Cristo crocifisso e colomba dello Spirito Santo,11 B 32 31,TRUE
Dio Padre e cherubini,11 C 2 : 11 G 19 11,TRUE
Diogene getta via la coppa,98 B (DIOGENES) 54,TRUE
Diluvio Universale,71 B 33 12,TRUE
Episodi della vita di san Silvestro,11 H (SYLVESTER) 2,TRUE
Ercole nel giardino delle Esperidi,94 L 33 2,TRUE
Erminia cura le ferite di Tancredi,81 FF (ERMINIA) : 49 G 22,TRUE
Ero e Leandro,95 B (ERO E LEANDRO) 2,TRUE
Fetonte chiede ad Apollo di guidare il carro del sole,92 B 39 11 3,TRUE
Giove e Antiope,92 B 12 13,TRUE
Giove e Europa,92 B 12 18 2,TRUE
Giove e Semele,92 B 12 26,TRUE
Lucrezia (?),98 C (LUCRETIA),TRUE
Marte e Venere (?),92 B 42 3,TRUE
Martirio di san Giorgio,11 H (GEORGE) 6,TRUE
Martirio di san Marco Evangelista,11 H (MARK) 61,TRUE
Martirio di san Matteo Evangelista,73 F 28 5,TRUE
Allegoria del Mese di Maggio,23 I 22,TRUE
Allegoria del Mese di Marzo,23 I 13,TRUE
Morte di Euridice,94 O 21 1,TRUE
Nascita di san Giovanni Battista (?),73 A 14,TRUE
Predica di san Pietro,73 F 21 53 1,TRUE
Prometeo crea l'uomo con l'argilla,91 E 45 1,TRUE
Vulcano e Venere,92 B 22 2,TRUE
Abbraccio di san Pietro e san Paolo prima del martirio,73 F 22 42,TRUE
Abramo e Isacco diretti al luogo del sacrificio,71 C 13 11,TRUE
Achille educato da Chirone,95 A (ACHILLES ) 12 31,TRUE
Achille trascina il corpo di Ettore intorno alle mura di Troia,94 G 23 5,TRUE
Adamo ed Eva piangono la morte di Abele,71 A 82 3,TRUE
Adamo impone il nome agli animali,71 A 33 3,TRUE
Adone,92 C 49 1,TRUE
Adorazione della croce,11 D 12 4,TRUE
Adorazione dell'agnello,73 G 22 2,TRUE
Aggeo,11 I 62 (AGGEO),TRUE
Agnus Dei tra angeli,11 D 13 11 (+3),TRUE
Alboino e Rosmunda,82 A (ALBOINO) : 41 C 5 : 41 C 32 72 1,TRUE
Alessandro Magno e Timoclea,98 B (ALEXANDER THE GREAT) 52 3,TRUE
Allegoria della Fecondità,58 A 3,TRUE
Allegoria della Fede (?),11 M 31,TRUE
Allegoria della Giustizia (?),59 C 2,TRUE
Allegoria della Notte,23 R 14 0,TRUE
Allegoria della Pace (?),45 A 20,TRUE
Allegoria della Purezza,57 A 63 (+2),TRUE
Allegoria della Redenzione,11 L 54 13,TRUE
Allegoria della Storia,49 K 10,TRUE
Allegoria della Vittoria,45 A 30,TRUE
Allegoria dell'Astronomia,49 E 10,TRUE
Allegoria dell'Autunno (?),23 D 44 0,TRUE
Allegoria dell'Europa,25 B 1,TRUE
Allegoria dell'Inverno (?),23 D 41 0,TRUE
Angelica trova Medoro ferito,81 E (MEDORO) : 31 EE 23,TRUE
Angelo annuncia la Resurrezione alle pie donne,73 E 23,TRUE
Angelo con turibolo,11 G 19 24,TRUE
Angelo musicante con viola,11 G 21 : 48 C 73 12,TRUE
Angeli con ghirlanda di fiori,11 G 19 2 : 48 A 98 75,TRUE
Animali,25 F,TRUE
Annunciazione con due donatori,73 A 5 (+5),TRUE
Annunciazione e angeli,73 A 52 (+3),TRUE
Annunciazione e cacciata di Adamo ed Eva dal paradiso terrestre,73 A 52 : 71 A 6,TRUE
Annuncio a san Zaccaria,73 A 11,TRUE
Annuncio a sant'Anna,73 A 23 41,TRUE
Apelle ritrae Campaspe,98 B (APELLES) 21,TRUE
Apollo custodisce il gregge di Admeto,92 B 35 1,TRUE
Apollo e le Muse (?),92 B 37 31,TRUE
Apollo sul carro del sole,92 B 37 11,TRUE
Apollo uccide Pitone,92 B 34 2,TRUE
Apostoli a mezza figura,11 I 3 : 61 B (+52),TRUE
Apoteosi di Ercole,94 L 69,TRUE
Apparizione di Cristo agli apostoli sul monte degli Ulivi,73 E 4,TRUE
Arca dell'alleanza portata in Gerusalemme,71 H 62,TRUE
Arianna risvegliata da Bacco,92 L 12 11,TRUE
Arione sul delfino,98 B (ARION) 51,TRUE
Armida trova Rinaldo addormentato,81 FF (ARMIDA) : 31 BB 13,TRUE
Aronne con Mose' davanti al faraone trasforma la verga in serpente,71 E 11 64,TRUE
Artemisia (?),98 C (ARTEMISIA) 6,TRUE
Allegorie delle Arti Liberali,49 C 1,TRUE
Attilio Regolo rinchiuso nella botte,"98 B (REGOLO, M.A.) 68",TRUE
Aurora e Cefalo,92 E 12 1 : 43 C 11 4,TRUE
Bacco ebbro,92 L 17 91 1,TRUE
Banchetto di Assuero,71 Q 21,TRUE
Banchetto di Baldassarre,71 P 22,TRUE
Battaglia di ponte Milvio,11 H (CONSTANTINE) 34,TRUE
Beato Bernardino da Feltre,11 H (BERNARDINO DA FELTRE),TRUE
Bethsabea,11 I 63 (BATHSHEBA),TRUE
Caccia al cervo,43 C 11 12 41,TRUE
Caduta delle mura di Gerico,71 E 52 42 1,TRUE
Caduta di Icaro,95 A (ICARUS) 68,TRUE
Caino e Abele,71 A 8,TRUE
Calliope,92 D 42 9,TRUE
Segno zodiacale del Cancro,23 O 31,TRUE
Cattura di san Rocco,11 H (ROCH) 61,TRUE
Cristo in casa di Marta e Maria di Betania,73 D 13,TRUE
Cerere derisa da Ascalabo,92 M 13 2,TRUE
Cibele,92 L 2,TRUE
Cleopatra davanti a Ottaviano Augusto,98 C (CLEOPATRA) 53,TRUE
Commiato di Angelica e Medoro dai pastori,81 EE (ANGELICA) : 33 A 2 : 41 D 26 62,TRUE
Concerto (?),48 C 75 3,TRUE
Concilio degli dei,93 A 2,TRUE
Concilio di Trento,11 P 31 42 : 61 E (TRENTO),TRUE
Congiura di Catilina,98 B (CATILINE) 51,TRUE
Contesa musicale tra le Muse e le Pieridi,92 D 41 41,TRUE
Cornice architettonica con motivi decorativi e figure,48 C 16 8 (CORNICE) : 48 A 98 2,TRUE
Costantino annuncia alle madri che non si bagnerà nel sangue dei loro figli per curarsi la lebbra,11 H (SYLVESTER) 41 3,TRUE
Costantino ordina la distruzione degli idoli,11 H (CONSTANTINE) 4,TRUE
"Creazione del sole, della luna e degli astri",71 A 24,TRUE
Cristo Buon Pastore,11 D 32 71,TRUE
Cristo davanti ad Anna,73 D 32 1,TRUE
Cristo e gli apostoli sul lago di Tiberiade,73 C 31 1,TRUE
Cristo e la Madonna,11 D 33 1,TRUE
Cristo e l'adultera (?),73 C 72 22,TRUE
Cristo guarisce l'indemoniato,73 C 43 2,TRUE
Cristo in Maestà,11 D 32 1,TRUE
Cristo in Maestà tra simboli degli Evangelisti e serafini,11 D 32 1 : 11 I 42 : 11 G 12,TRUE
Cristo morto con angeli,73 D 76 1 (+3),TRUE
Cristo nel sepolcro,73 D 76 1,TRUE
Cristo nell'orto di Gethsemani,73 D 31 1,TRUE
Cristo Redentore (?),73 E 15,TRUE
Cristo rimprovera i figli di Zebedeo,73 C 72 13 22,TRUE
Cristo risorto tra due angeli,73 E 15 (+3),TRUE
Cristo tra san Paolo e san Pietro,11 D 33 4 : 11 H (PAUL) : 11 H (PETER),TRUE
Crocifissione di Cristo con donatore,73 D 64 (+5),TRUE
Crocifissione di Cristo e donatore,73 D 64 (+5),TRUE
Crocifissione di san Filippo,73 F 26 41,TRUE
Cupido affila le sue frecce,92 D 15 23,TRUE
Cupido sveglia Psiche dal suo sonno mortale,92 D 19 21 74 51,TRUE
David (?),11 I 62 (DAVID),TRUE
David ammonito da Nathan,71 H 76 3,TRUE
David consegna una lettera ad Uria,71 H 73 4,TRUE
David danza davanti all'Arca Santa,71 H 62 2,TRUE
David musico,11 I 62 (DAVID) 32,TRUE
David penitente,11 I 62 (DAVID) 41,TRUE
Decapitazione di san Gennaro,11 H (JANUARIUS) 68 2,TRUE
Decapitazione di san Paolo (?),73 F 22 43,TRUE
Dione di Siracusa,92 K 22,TRUE
Disputa dei Padri della Chiesa sull'Immacolata Concezione,11 I 51 : 49 C 4 : 73 A 23 52,TRUE
Distruzione degli idoli,11 P 6,TRUE
Divinità fluviali,92 K 1,TRUE
Ebe,92 D 7,TRUE
Elia nel deserto nutrito dall'angelo,71 M 53,TRUE
Emblema bernardiniano,11 H (BERNARDINO),TRUE
Enea e Evandro,96 B 65 2,TRUE
Enoch,11 I 62 (ENICH),TRUE
Episodi del Nuovo Testamento (?),73,TRUE
Eraclio trionfa su Cosroe II di Persia,11 D 41 17 1,TRUE
Erato,92 D 42 6,TRUE
Ercole e Caco,94 L 41 15,TRUE
Ercole e gli uccelli Stinfalidi,94 L 32 6,TRUE
Ercole e Iole,94 L 23,TRUE
Ercole libera Prometeo,91 E 46 13,TRUE
Ercole uccide il drago Ladone,94 L 33 22,TRUE
Erminia e i pastori,81 FF (ERMINIA) : 47 I 22 1,TRUE
Ermogene getta i suoi libri nell'acqua,73 F 24 27,TRUE
Giove,92 B 1,TRUE
Giove e Giunone,92 B 12 21,TRUE
Giunone applica gli occhi di Argo sulla coda del pavone,97 D 12,TRUE
Leone,23 O 32,TRUE
Martirio di san Matteo,73 F 28 5,TRUE
Meleagro dona ad Atalanta la testa del cinghiale Calidonio,94 N 32 3,TRUE
Allegoria del Mese di Dicembre,23 I 43,TRUE
Allegoria del Mese di Giugno,23 I 23,TRUE
Allegoria del Mese di Luglio,23 I 31,TRUE
Allegoria del Mese di Novembre,23 I 42,TRUE
Allegoria del Mese di Ottobre,23 I 41,TRUE
Monogramma cristologico,11 D 11 2,TRUE
Morte di Adamo,71 A 91 2,TRUE
Morte di Penteo (?),95 A (PENTEO) 68 (+0),TRUE
Morte di santa Chiara,11 HH (CLARE) 68,TRUE
Morte di sant'Anna,73 A 23 83,TRUE
Morte di Sofonisba (?),98 C (SOPHONISBE) 68,TRUE
Zaccaria,11 I 62 (ZECHARIAH),TRUE
Psiche condotta da Mercurio sull'Olimpo,92 D 19 21 8,TRUE
Ratto di Lucrezia,98 C (LUCRETIA) 61,TRUE
Segni Zodiacali,23 O,TRUE
Segno zodiacale dei Gemelli,23 O 23,TRUE
Segno zodiacale del Cancro,23 O 31,TRUE
Segno zodiacale della Bilancia,23 O 41,TRUE
Segno zodiacale dell'Ariete,23 O 21,TRUE
Storie di Amore e Psiche,92 D 19 21,TRUE
Segno zodiacale della Vergine,23 O 33,TRUE
Vulcano,92 B 2,TRUE
Vulcano forgia le ali e le frecce di Cupido,92 B 25 22,TRUE
Abacuc,11 I 12,TRUE
Abacuc (?),11 I 12,TRUE
Abramo e Agar,71 C 11 9,TRUE
Abramo insegna l'astronomia agli egiziani,71 C 11 46,TRUE
Achille a Sciro,94 C 22,TRUE
Achille e le figlie di Licomede (?),94 C 22,TRUE
Segno zodiacale dell'Acquario,23 O 12,TRUE
Adone (?),92 C 49 1,TRUE
Adorazione dei pastori (?),73 B 25,TRUE
Adorazione dei Re Magi (?),73 B 57,TRUE
Adorazione del Bambino,73 B 2,TRUE
Adorazione della Trinità,11 B : 11 Q,TRUE
Agabo predice l'arresto di san Paolo,73 F 22 35 41,TRUE
Albero della Vita,10 : 25 G 3,TRUE
Alessandro Magno doma Bucefalo,98 B (ALEXANDER THE GREAT) 13,TRUE
Alessandro Magno e il suo medico Filippo,98 B (ALEXANDER THE GREAT) 61,TRUE
Alessandro Magno nella sua tenda legge le opere di Omero,98 B (ALEXANDER THE GREAT) 53 3,TRUE
Alessandro Magno riceve l'omaggio della famiglia di Dario (?),98 B (ALEXANDER THE GREAT) 52 1,TRUE
Alleanza di Dio con Noè,71 B 34 31 1,TRUE
Allegoria della fugacità del Tempo (?),23 A 44,TRUE
Allegoria della Giustizia e della Carità (?),11 M 44 : 11 M 33,TRUE
Allegoria della Lussuria scacciata dalla Castità,11 O 1 : 33 C 81 20 : 11 N 36,TRUE
Allegoria della Notte (?),23 R 14 0,TRUE
Allegoria della Pietà,57 B 21 (+21),TRUE
Allegoria della Poesia (?),48 C 90 1,TRUE
Allegoria della Primavera (?),23 D 42 0,TRUE
Allegoria della Virtù (?),57 A 6 (+2),TRUE
Allegoria della Vita dell'uomo,11 R 3,TRUE
Allegoria dell'Africa (?),25 B 3,TRUE
Allegoria dell'Astrologia,49 E 10,TRUE
Allegoria dell'Astronomia (?),49 E 10,TRUE
Allegoria dell'Estate (?),23 D 43 0,TRUE
Allegoria dell'Intelligenza,52 A 1(+2),TRUE
Allegoria di casa Borghese,46 A 12 : 61 B 2 (BORGHESE) 13 (+1),TRUE
Ambasceria romana nel tempio di Esculapio ad Epidauro,92 F 27 91 1,TRUE
Ammonimento di Dio ad Adamo,71 A 35 4,TRUE
Amore,56 F 2 (+1),TRUE
Cupido sveglia Psiche dal suo sonno mortale,92 D 19 21 74 51,TRUE
Anfitrite,92 H 2,TRUE
Angeli che offrono a Dio le preghiere dei fedeli,11 G 2 : 11 Q 2,TRUE
Angeli con ghirlanda di fiori,11 G 19 2 : 48 A 98 75,TRUE
Profeti e angeli,11 G 19 2 : 11 I,TRUE
Angeli portano in Paradiso l'anima di santo Stefano,73 F 35 64,TRUE
Angeli con la croce,11 G 19 2 : 11 D 12 1,TRUE
Angeli trattengono i quattro venti,73 G 33,TRUE
Angelo con ampolle,11 G 19 2 : 11 Q 71 44 7,TRUE
Angelo con libro,11 G 19 21,TRUE
Angeli con corona di spine,73 D 82 (CROWN OF THORNS) (+3),TRUE
Anime purganti,11 T 6,TRUE
Annibale valica le alpi (?),98 B (HANNIBAL) 52,TRUE
Annunciazione,73 A 5,TRUE
Annunciazione con donatore,73 A 5 (+5),TRUE
Annuncio a san Gioacchino (?),73 A 23 32,TRUE
Annuncio della nascita di san Giovanni Battista a sant'Elisabetta,73 A 12,TRUE
Predica dell'Anticristo,11 D 9,TRUE
Apelle e il ciabattino,98 B (APELLES) 51,TRUE
Apollo citaredo,92 B 37 3,TRUE
Apollo concede a Fetonte di guidare il carro del sole,92 B 39 11 5,TRUE
Apollo e Ciparisso,92 BB 32 1,TRUE
Apollo e Giacinto,92 BB 32 2,TRUE
Apollo e Marsia (?),92 B 34 12,TRUE
Apollo e Mercurio,92 B 3 : 92 B 5,TRUE
Apollo uccide Coronide per la sua infedeltà,92 B 32 42,TRUE
Apollo uccide i Ciclopi,92 B 34 3,TRUE
Apollo uccide i figli di Niobe,95 B (NIOBE) 62 1,TRUE
Apoteosi dell'Ordine Francescano,11 P 31 50 (FRANCESCANI),TRUE
Apparizione della Madonna in sogno al patrizio Giovanni,11 Q 71 11 1 : 11 F 83,TRUE
Apparizione di Cristo agli apostoli sul lago di Tiberiade,73 E 37,TRUE
Apparizione di Cristo risorto durante la cena degli apostoli,73 E 35,TRUE
Apparizione di san Giacomo Maggiore nella battaglia di Clavijo (?),73 F 24 52,TRUE
Apparizione di san Giovanni Evangelista a Galla Placidia,73 F 23 6,TRUE
Arca di Noè sul monte Ararat,71 B 33 2,TRUE
Ariete,23 O 21,TRUE
Allegoria dell'Aritmetica,49 C 12 1,TRUE
Arrivo dei Re Magi a Betlemme (?),73 B 56,TRUE
Articoli del Credo,11 L 31,TRUE
Assassinio di Cesare,98 B (CAESAR) 68,TRUE
Assunzione di Enoch,71 B 25 1,TRUE
Atalanta e Meleagro,94 N 21,TRUE
Augusto chiude le porte del tempio di Giano,98 B (AUGUSTUS) 56,TRUE
Autunno (?),23 D 44,TRUE
Baccanale (?),92 L 17 91,TRUE
Baccante,92 L 19 11,TRUE
Baccanti,92 L 19 11,TRUE
Bacco ed Erigone,92 L 12 2,TRUE
Bacco ed Erigone (?),92 L 12 2,TRUE
Bacco invita Arianna a salire sul suo carro,92 L 12 11 1,TRUE
Bacco presenta Arianna a Venere,92 L 12 1 : 95 B (ARIADNE) : 92 C 4,TRUE
Bacio di Giuda (?),73 D 31 2,TRUE
Bambocciata,46 A 15 3,TRUE
Banchetto degli dei per le nozze di Peleo e Teti,92 I 21 21 32,TRUE
Banchetto del figliol prodigo,92 I 21 21 32,TRUE
Banchetto di Didone,96 B 25,TRUE
Banchetto di Ester (?),71 Q 74,TRUE
Banchetto di Ester,71 Q 74,TRUE
Battaglia di Isso,98 B (ALEXANDER THE GREAT) 41 1 : 45 H 3,TRUE
Battaglia tra Romani e Barbari,45 H 3 (+21) : 98 B (+9) : 32 B 2,TRUE
Battaglia tra Romani e Sabini,45 H 3 (+21) : 98 B (+9) : 32 B 2 (SABINE),TRUE
Battesimo di Cristo (?),73 C 12 1,TRUE
Battesimo di sant'Agostino (?),11 H (AUGUSTINE) 32,TRUE
Beato Bernardino da Feltre con donatore,11 H (BERNARDINO DA FELTRE) (+5),TRUE
Beato Bernardo Tolomei assiste gli appestati,11 H (BERNARDO TOLOMEI) 1,TRUE
Belisario cieco in abito da mendicante è riconosciuto da un soldato,82 A (BELISARIUS) : 31 A 41 11 : 33 A 13 2,TRUE
Bellerofonte uccide la Chimera,94 S 32,TRUE
Benedizione di Giacobbe,71 D 24 21,TRUE
Bethsabea in trono alla destra di Salomone,71 I 15,TRUE
Segno zodiacale della Bilancia,23 O 41,TRUE
Madonna orante,11 F 23 1,TRUE
Brenno getta la spada sulla bilancia,98 B (BRENNUS) 41,TRUE
San Gioacchino cacciato dal Tempio,73 A 23 23,TRUE
Caduta di Babilonia,73 G 49 3,TRUE
Caduta di Fetonte (?),92 B 39 11 7,TRUE
Caduta di Simon Mago,73 F 21 53 65,TRUE
Segno zodiacale del Capricorno,23 O 11,TRUE
Cariatide,48 C 16 42 : 31 A 25 31 4 : 48 A 98 43,TRUE
Cariatidi,48 C 16 42 : 31 A 25 31 4 : 48 A 98 43,TRUE
Carità di san Martino,11 H (MARTIN) 41,TRUE
Castore e Polluce rapiscono le figlie di Leucippo,94 R 21,TRUE
Cattura dell'Arca dell'alleanza da parte dei Filistei,71 F 83 31,TRUE
Cattura di Cristo (?),73 D 31 4,TRUE
Cena in casa di Simone il fariseo,73 D 13,TRUE
San Domenico e i frati ricevono il pane dagli angeli,11 H (DOMENIC) 55,TRUE
Cena in casa di Levi,73 C 72 61,TRUE
Cerere davanti a Giove,92 M 13 3,TRUE
Chiesa militante e trionfante,11 P 14 : 11 P 14 2,TRUE
Cimone e Ifigenia,81 D (CIMON) : 33 C 21 11,TRUE
Cincinnato lascia l'aratro per divenire dittatore di Roma,98 B (CINCINNATUS) 51,TRUE
Circe trasforma Pico in un picchio,97 D 28,TRUE
Clelia davanti a Porsenna,98 C (CLOELIA) 5,TRUE
Clemenza di Scipione (?),98 B (SCIPIO AFRICANUS MAJOR) 51 1,TRUE
Clio,92 D 42 1,TRUE
Colomba,25 F 39 (DOVE),TRUE
Colomba dello Spirito Santo e cherubini,11 E 1 (+3),TRUE
Commiato di Cristo dalla Madonna,73 D 17,TRUE
Commiato di Cristo dalla Madonna (?),73 D 17,TRUE
Commiato di Tobia dai genitori (?),71 T 53,TRUE
Compianto sul corpo di san Giovanni Battista,73 C 13 4,TRUE
Concepimento di sant'Anna,73 A 23 15,TRUE
Cresima,11 Q 73 22,TRUE
Contesa di Apollo e Pan,92 B 34 11,TRUE
Conversione del filosofo Cratone,73 F 23 45 1,TRUE
Conversione di san Paolo (?),73 F 22 12,TRUE
Cori angelici,11 G 1,TRUE
Corteo di Sileno,92 L 42 19,TRUE
Costantino conduce san Silvestro a Roma,11 H (SYLVESTER) 44,TRUE
Costruzione dell'arca di Noè (?),71 B 32,TRUE
Creazione degli astri,71 A 24,TRUE
Creazione del sole e della luna,71 A 24,TRUE
Creazione della terra,91 A 21,TRUE
Cristo bendato,73 D 35 3,TRUE
Cristo che predica,73 C 73 4,TRUE
Cristo che predica nel tempio,73 C 73 2,TRUE
Cristo come giardiniere,73 G 46 1,TRUE
Cristo crocifisso e due angeli,11 D 36 (+3),TRUE
Cristo crocifisso e il donatore,11 D 36 (+5),TRUE
Cristo con strumenti della Passione,11 D 36 : 73 D 81,TRUE
Cristo crocifisso tra i dolenti e un donatore,73 D 64 1 (+5),TRUE
Cristo deposto dalla croce con donatore,73 D 71 2 (+5),TRUE
Cristo deposto nel sepolcro,73 D 76,TRUE
Cristo e la Madonna come sposo e sposa,11 D 33 11,TRUE
Cristo e la Madonna restituiscono a san Nicola le insegne episcopali,11 H (NICHOLAS) 3,TRUE
Cristo Redentore e la Madonna intercedono presso Dio Padre,11 C 4,TRUE
Cristo e san Pietro,11 D 33 4 : 11 H (PETER),TRUE
Cristo Emanuele,11 D 26 1,TRUE
Cristo entra in Paradiso con gli eletti del Limbo,73 D 95,TRUE
Cristo esorta un giovane ricco a cercare la perfezione,73 C 72 42,TRUE
Cristo flagellato,73 D 35 12,TRUE
Cristo giudice,11 D 32 23,TRUE
Cristo guarisce i due indemoniati di Gerasa,73 C 43 41,TRUE
Cristo guarisce il giovane epilettico,73 C 43 5,TRUE
Cristo guarisce la suocera di san Pietro,73 C 46 1,TRUE
Cristo guarisce l'emorroissa,73 C 46 1,TRUE
Cristo guarisce l'indemoniato muto,73 C 43 2,TRUE
Cristo guarisce l'uomo con la mano avvizzita (?),73 C 46 2,TRUE
Cristo guarisce Malco,73 D 31 42,TRUE
Cristo in Maestà tra simboli dei quattro evangelisti,11 D 32 1 : 11 I 42,TRUE
Cristo in pietà e angelo,73 D 73 32,TRUE
Cristo in preghiera,11 D 32 82,TRUE
Cristo incontra san Giovanni Battista nel deserto (?),73 C 11 3,TRUE
Cristo lava i piedi di san Pietro,73 D 23 1,TRUE
Cristo mette il bambino tra gli apostoli,73 C 72 13 11,TRUE
Cristo morto con angelo,73 D 76 1 (+3),TRUE
Cristo nel deserto,73 C 21,TRUE
Cristo nel sepolcro,73 D 76 1,TRUE
Cristo nella famiglia degli Zebedei,73 C 72 13 2,TRUE
Cristo predica dalla barca sul lago di Tiberiade,73 C 33 1,TRUE
Cristo predice la negazione di san Pietro,73 D 24 3,TRUE
Cristo resuscita il figlio della vedova di Naim (?),73 C 51,TRUE
Cristo rimprovera i figli di Zebedeo (?),73 C 72 13 22,TRUE
Cristo risorto (?),73 E 15,TRUE
Cristo risorto a tavola con gli apostoli,73 E 35 1,TRUE
Cristo risorto mostra le sue piaghe agli apostoli,73 E 35 2,TRUE
Apparizione di Cristo risorto agli apostoli,73 E 41 2,TRUE
Cristo Salvatore e il donatore,11 D 32 4 (+5),TRUE
Cristo seduto sulla croce,73 D 52,TRUE
Cristo spiega la sua dottrina ai discepoli di san Giovanni Battista,73 C 72 5,TRUE
Salita di Cristo al monte Calvario,73 D 44,TRUE
Cristo tentato sul monte,73 C 22 3,TRUE
Cristo tentato sul tempio,73 C 22 2,TRUE
Cristo tra angeli,11 D 33 4 : 11 I 3,TRUE
Crocifissione di Cristo e due angeli,73 D 64 (+3),TRUE
Crocifissione di sant'Andrea (?),73 F 25 35,TRUE
Cupido abbandona Psiche,92 D 19 21 35,TRUE
Cupido e le tre Grazie,92 D 1 : 92 D 3,TRUE
Cupido in lotta con la Castità,92 D 14 2 : 33 C 81 20,TRUE
Daniele (?),11 I 62 (DANIEL),TRUE
Daniele nella fossa dei leoni (?),71 P 43 32,TRUE
Daniele salvato dall'angelo,71 P 43 33,TRUE
Debora e Barac,71 F 15 1,TRUE
Decapitazione di santa Caterina d'Alessandria (?),11 HH (CATHERINE) 68,TRUE
Democrito ed Eraclito (?),98 B (HERACLITUS) 51,TRUE
Devoti in preghiera,11 Q 75 1 : 31 AA 25 13,TRUE
Allegoria della Dialettica,49 C 11 2,TRUE
Diana cacciatrice con le ninfe (?),92 C 35 11,TRUE
Diana cacciatrice con una ninfa,92 C 35 11,TRUE
Diana come dea Luna sul suo carro,92 C 37 11,TRUE
Diana come dea Luna sul suo carro tra le costellazioni,92 C 37 11,TRUE
Diana e le ninfe sorprese dai satiri,92 C 35 3,TRUE
Diana e le ninfe sorprese dai satiri (?),92 C 35 3,TRUE
Didone fonda Cartagine,96 D (DIDO) 53,TRUE
Didone vede in sogno l'ombra di Sicheo,96 D (DIDO) 51,TRUE
Dio appare ad Isacco,71 C 25 11,TRUE
Dio Padre con la colomba dello Spirito Santo,11 C 2 : 11 E 1,TRUE
Dio Padre e Cristo crocifisso con angeli,11 C 2 : 11 D 35 (+3),TRUE
Dio Padre benedicente con colomba dello Spirito Santo,11 C 2 : 11 E 1,TRUE
Dio Padre tra angeli musicanti (?),11 C 2 (+3),TRUE
Dio Padre tra due angioletti,11 C 2 (+3),TRUE
Dio Padre tra il sole e la luna,11 C 51,TRUE
Diogene (?),98 B (DIOGENES),TRUE
Discesa di Enea agli inferi,73 D 94,TRUE
Distruzione del simulacro del dio Baal,71 L 18 14,TRUE
Dodici apostoli in forma di agnelli,11 I 31,TRUE
Dottori della Chiesa (?),11 I 5,TRUE
Duello tra Orlando e Rodomonte,81 E (ORLANDO) : 33 B 2,TRUE
"Duello tra Tancredi e Argante (Gerusalemme Liberata, canto VI)",81 F (TANCREDI) : 33 B 2,TRUE
"Duello tra Tancredi e Argante (Gerusalemme Liberata, canto XIX)",81 F (TANCREDI) : 33 B 2,TRUE
Ebbrezza,92 L 19 4,TRUE
Elemento decorativo,48 A 98,TRUE
Elia nel deserto,71 M 53,TRUE
Elia separa le acque del fiume Giordano e l'attraversa col discepolo Eliseo,71 M 82,TRUE
Eliseo e la Sunammita,71 N 13 3,TRUE
Eloquenza,52 D 3,TRUE
Enea e Didone si riparano dalla tempesta in una grotta,96 B 32 2,TRUE
Enea e la Sibilla Cumana agli inferi,96 B 54 1,TRUE
Enea e la Sibilla Cumana ai Campi Elisi,96 B 54 8,TRUE
Enea e la Sibilla Cumana traghettati da Caronte,96 B 54 3,TRUE
Erato (?),92 D 42 6,TRUE
Erato (o Polimnia),92 D 42 6,TRUE
Ercole e Acheloo,94 L 41 11 : 94 L 41 11 1 : 94 L 41 11 2,TRUE
Ercole e Onfale (?),94 L 24,TRUE
Ercole ebbro (?),94 L 54,TRUE
Ercole libera Teseo,94 M 61 21,TRUE
Ercole scaccia Pan dal letto di Onfale,94 L 24 1,TRUE
Ercole sul rogo funebre,94 L 68 2,TRUE
Ercole trasporta le colonne che portano il suo nome,94 L 52,TRUE
Erminia e i pastori,81 FF (ERMINIA) : 47 I 22 1,TRUE
Favola di Amore e Psiche,92 D 19 21,TRUE
Ganimede,92 D 8,TRUE
Ganimede e l'aquila di Giove,92 BB 12 1,TRUE
Segno zodiacale dei Gemelli,23 O 23,TRUE
Giove e Antiope (?),92 B 12 13,TRUE
Giove e Asteria,92 B 12 14,TRUE
Giunone (?),92 C 1,TRUE
Giunone chiede a Eolo di liberare i venti,92 C 15 2,TRUE
Giunone chiede a Eolo di liberare i venti,92 C 15 2,TRUE
Martirio di san Bartolomeo (?),73 F 27 4,TRUE
Martirio di san Lorenzo,11 H (LAURENCE) 62,TRUE
Martirio di san Marco Evangelista,11 H (MARK) 61,TRUE
Martirio di san Pietro Martire,11 H (PETER MARTYR) 68,TRUE
Martirio di san Sebastiano,11 H (SEBASTIAN) 62 (+5),TRUE
Martirio di sant'Agata,11 HH (AGATHA) 62,TRUE
Mercurio decapita Argo,97 CC 64 1,TRUE
Allegoria del mese di Febbraio,23 I 12,TRUE
Allegoria del mese di Gennaio,23 I 11,TRUE
Morte di Achille,94 G 53 1,TRUE
Morte di Anania e Saffira,73 F 15 42,TRUE
Morte di Anania e Saffira (?),73 F 15 42,TRUE
Morte di Archimede,98 B (ARCHIMEDES) 68,TRUE
Morte di Camilla,96 B 82 3 : 45 H 3 (+2),TRUE
Morte di Ettore,94 G 23 4,TRUE
Morte di Giacobbe (?),71 D 25,TRUE
Morte di Giuda,73 D 34 3,TRUE
Morte di Lucrezia (?),98 C (LUCRETIA) 68,TRUE
Morte di Meleagro,94 N 68,TRUE
Morte di Porzia,98 C (PORTIA) 68,TRUE
Morte di Procri,95 A (CEPHALUS) 21 4,TRUE
Morte di santa Maria Maddalena (?),11 HH (MARY MAGDALENE) 68 2,TRUE
Morte di Saul,71 H 32 2,TRUE
Morte di Semele,92 B 12 26 1,TRUE
Morte di Seneca (?),98 B (SENECA) 68,TRUE
Morte di Socrate,98 B (SOCRATES) 68,TRUE
Morte di Virginia,98 C (VIRGINIA) 68,TRUE
Nascita di Bacco,92 L 11 1,TRUE
Nascita di Ercole,94 L 11 : 43 A 21 1,TRUE
Nascita di santo Stefano,73 F 35 11,TRUE
Segno zodiacale dei Pesci,23 O 13,TRUE
Predica di san Giacomo Maggiore,73 F 24 1,TRUE
Predica di sant'Antonio da Padova,11 H (ANTONY OF PADUA) 4 1 : 11 P 31 52,TRUE
Prometeo anima l'uomo col fuoco rubato agli dei,91 E 45 22,TRUE
Prometeo primo scultore,91 E 47 3,TRUE
Prometeo incatenato da Mercurio,91 E 46 11,TRUE
Psiche condotta al monte in corteo funebre,92 D 19 21 12,TRUE
Psiche condotta da Mercurio sull'Olimpo,92 D 19 21 8,TRUE
Psiche dona regali alle sue sorelle,92 D 19 21 32 1,TRUE
Psiche e Venere,92 D 19 21 63,TRUE
Psiche nel Palazzo di Amore,92 D 19 21 3,TRUE
Segno zodiacale del Sagittario,23 O 43,TRUE
Segno zodiacale dello Scorpione,23 O 42,TRUE
Segno zodiacale del Capricorno,23 O 11,TRUE
Segno zodiacale del Leone,23 O 32,TRUE
Segno zodiacale del Toro,23 O 22,TRUE
Segno zodiacale dell'Acquario,23 O 12,TRUE
Storia di Meleagro: Atalanta e Meleagro a caccia del cinghiale calidonio,94 N 32,TRUE
Trionfo di Marte,92 B 47 8,TRUE
Vocazione di san Matteo Evangelista (?),73 C 71 15,TRUE
Vulcano curato dagli abitanti di Lemno,92 B 21 23,TRUE